centris_no,property_type,price,year_built,lot_area,net_area,small region,big region,bedroom,bathroom,listing_hyperlink
14469755,House for sale,439000,1989,0,0,montreal-lachine,montreal,3,1,https://www.centris.ca/en/houses~for-sale~montreal-lachine/14469755?view=Summary
15960548,House for sale,2399000,1877,10,0,montreal-lachine,montreal,7,4,https://www.centris.ca/en/houses~for-sale~montreal-lachine/15960548?view=Summary
15267078,House for sale,619000,1920,0,0,montreal-lachine,montreal,3,2,https://www.centris.ca/en/houses~for-sale~montreal-lachine/15267078?view=Summary
18732546,House for sale,499000,1952,5,0,montreal-lachine,montreal,3,2,https://www.centris.ca/en/houses~for-sale~montreal-lachine/18732546?view=Summary
17800043,House for sale,915000,1965,8,0,montreal-lachine,montreal,5,2,https://www.centris.ca/en/houses~for-sale~montreal-lachine/17800043?view=Summary
10192030,House for sale,589000,1987,3,0,montreal-lachine,montreal,3,1,https://www.centris.ca/en/houses~for-sale~montreal-lachine/10192030?view=Summary
10774615,House for sale,779000,1860,1,0,montreal-lachine,montreal,6,2,https://www.centris.ca/en/houses~for-sale~montreal-lachine/10774615?view=Summary
9533282,House for sale,639000,1967,5,0,montreal-lachine,montreal,6,2,https://www.centris.ca/en/houses~for-sale~montreal-lachine/9533282?view=Summary
22157729,Condominium house for sale,568000,2005,2,0,montreal-lachine,montreal,3,1,https://www.centris.ca/en/condominium-houses~for-sale~montreal-lachine/22157729?view=Summary
20458060,House for sale,479000,1950,5,0,montreal-lachine,montreal,3,1,https://www.centris.ca/en/houses~for-sale~montreal-lachine/20458060?view=Summary
28399076,House for sale,714000,1951,5,0,montreal-lachine,montreal,3,2,https://www.centris.ca/en/houses~for-sale~montreal-lachine/28399076?view=Summary
12222395,Condominium house for sale,429000,1993,0,0,montreal-lachine,montreal,2,1,https://www.centris.ca/en/condominium-houses~for-sale~montreal-lachine/12222395?view=Summary
27728886,House for sale,269900,1939,2,0,montreal-lachine,montreal,2,1,https://www.centris.ca/en/houses~for-sale~montreal-lachine/27728886?view=Summary
24236197,House for sale,689000,1943,5,0,montreal-lachine,montreal,3,1,https://www.centris.ca/en/houses~for-sale~montreal-lachine/24236197?view=Summary
18361827,House for sale,610000,1947,0,0,montreal-lachine,montreal,3,1,https://www.centris.ca/en/houses~for-sale~montreal-lachine/18361827?view=Summary
19192782,House for sale,539000,1945,0,0,montreal-lachine,montreal,4,2,https://www.centris.ca/en/houses~for-sale~montreal-lachine/19192782?view=Summary
17667081,House for sale,1225000,2020,0,0,montreal-lachine,montreal,3,2,https://www.centris.ca/en/houses~for-sale~montreal-lachine/17667081?view=Summary
18657075,House for sale,589000,1936,3,0,montreal-lachine,montreal,3,1,https://www.centris.ca/en/houses~for-sale~montreal-lachine/18657075?view=Summary
12091977,House for sale,599000,2020,4,0,montreal-lachine,montreal,5,2,https://www.centris.ca/en/houses~for-sale~montreal-lachine/12091977?view=Summary
14305700,House for sale,299000,1911,1,0,montreal-lachine,montreal,2,1,https://www.centris.ca/en/houses~for-sale~montreal-lachine/14305700?view=Summary
13228432,House for sale,749000,1950,5,0,montreal-lachine,montreal,4,1,https://www.centris.ca/en/houses~for-sale~montreal-lachine/13228432?view=Summary
9150169,House for sale,399000,Unknown age,4,0,montreal-lachine,montreal,2,1,https://www.centris.ca/en/houses~for-sale~montreal-lachine/9150169?view=Summary
10256479,House for sale,568000,2005,2,0,montreal-lachine,montreal,3,1,https://www.centris.ca/en/houses~for-sale~montreal-lachine/10256479?view=Summary
20981913,House for sale,890000,1962,6,0,montreal-lachine,montreal,4,3,https://www.centris.ca/en/houses~for-sale~montreal-lachine/20981913?view=Summary
28484185,House for sale,439000,2002,2,0,montreal-lachine,montreal,3,1,https://www.centris.ca/en/houses~for-sale~montreal-lachine/28484185?view=Summary
19611009,House for sale,237000,"1875, Century",1,0,montreal-lachine,montreal,2,1,https://www.centris.ca/en/houses~for-sale~montreal-lachine/19611009?view=Summary
11306607,House for sale,690000,1957,4,0,montreal-lachine,montreal,4,2,https://www.centris.ca/en/houses~for-sale~montreal-lachine/11306607?view=Summary
27930485,House for sale,409000,1949,2,0,montreal-lachine,montreal,3,2,https://www.centris.ca/en/houses~for-sale~montreal-lachine/27930485?view=Summary
16978186,Condominium house for sale,799000,2019,0,0,montreal-lachine,montreal,4,2,https://www.centris.ca/en/condominium-houses~for-sale~montreal-lachine/16978186?view=Summary
11347247,House for sale,798000,1964,5,0,montreal-lachine,montreal,3,1,https://www.centris.ca/en/houses~for-sale~montreal-lachine/11347247?view=Summary
23065765,House for sale,839000,1954,4,0,montreal-lachine,montreal,3,2,https://www.centris.ca/en/houses~for-sale~montreal-lachine/23065765?view=Summary
26583785,House for sale,197000,"1875, Century",1,0,montreal-lachine,montreal,2,1,https://www.centris.ca/en/houses~for-sale~montreal-lachine/26583785?view=Summary
13552265,House for sale,299900,"1910, Century",2,0,montreal-lachine,montreal,3,2,https://www.centris.ca/en/houses~for-sale~montreal-lachine/13552265?view=Summary
22301485,House for sale,649000,1920,3,0,montreal-lachine,montreal,4,1,https://www.centris.ca/en/houses~for-sale~montreal-lachine/22301485?view=Summary
20772123,House for sale,759000,1952,5,0,montreal-lachine,montreal,4,1,https://www.centris.ca/en/houses~for-sale~montreal-lachine/20772123?view=Summary
23579482,House for sale,369900,1910,1,0,montreal-lachine,montreal,2,1,https://www.centris.ca/en/houses~for-sale~montreal-lachine/23579482?view=Summary
20906863,House for sale,938000,1950,4,0,montreal-lachine,montreal,4,2,https://www.centris.ca/en/houses~for-sale~montreal-lachine/20906863?view=Summary
19515620,House for sale,599000,2020,4,0,montreal-lachine,montreal,3,3,https://www.centris.ca/en/houses~for-sale~montreal-lachine/19515620?view=Summary
11802886,House for sale,239000,1923,2,0,montreal-lachine,montreal,2,1,https://www.centris.ca/en/houses~for-sale~montreal-lachine/11802886?view=Summary
11472002,House for sale,349000,1930,0,0,montreal-lachine,montreal,3,1,https://www.centris.ca/en/houses~for-sale~montreal-lachine/11472002?view=Summary
14336944,House for sale,429000,1993,0,0,montreal-lachine,montreal,2,1,https://www.centris.ca/en/houses~for-sale~montreal-lachine/14336944?view=Summary
28352194,House for sale,1285000,2020,0,0,montreal-lachine,montreal,3,2,https://www.centris.ca/en/houses~for-sale~montreal-lachine/28352194?view=Summary
18749624,House for sale,569000,1925,1,0,montreal-lachine,montreal,3,2,https://www.centris.ca/en/houses~for-sale~montreal-lachine/18749624?view=Summary
12790483,House for sale,269000,Unknown age,1,0,montreal-lachine,montreal,2,1,https://www.centris.ca/en/houses~for-sale~montreal-lachine/12790483?view=Summary
11103332,House for sale,799000,2019,2,0,montreal-lachine,montreal,4,2,https://www.centris.ca/en/houses~for-sale~montreal-lachine/11103332?view=Summary
9388633,House for sale,748800,1946,7,0,montreal-lachine,montreal,5,2,https://www.centris.ca/en/houses~for-sale~montreal-lachine/9388633?view=Summary
28997632,House for sale,628000,1965,4,0,montreal-lachine,montreal,3,2,https://www.centris.ca/en/houses~for-sale~montreal-lachine/28997632?view=Summary
